Product,Price,Region,Ingredients,Category,Quantity
Suplemento Barra Nutritiva Protein ProWinner ,295,Mercado Libre,,Sabor Chocolate,6
Barra DE proteina Quest Nutrition ,829,Mercado Libre,,sabor Postre DE Mora Azul,12
15 PACK BARRINOLAS PROTEiNA,289,Mercado Libre,,Sabor Brownie con 10g de Proteina por Barra,15
Barras de Proteina Einztein Nutrition ,839,Mercado Libre,, 4 Sabores Rojo,
Barras Think High Protein Pinguino ,629,Mercado Libre,,,18
15 PACK BARRINOLAS PROTEiNA ,289,Mercado Libre, Sin Azucar Aniadida,Sabor Cookies and Cream con 10g de Proteina por Barra,15
Barras de proteinas Rainbow High,190,Mercado Libre,, variado de 10 sabores,4
barras energeticas y moldes de proteinas antiadherentes aptos para alimentos,219,Mercado Libre,,,4
barra de proteina THINK Protein,710.32,Mercado Libre, 20gr proteina azul, 20gr proteina azul,10
Barras de proteina Bionutritional Research Group Power Crunch,745.07,Mercado Libre,,,12
Barra de Proteinas Power Crunch ,812,Mercado Libre,,,
Barra DE mezcla DE frutas con PROTEiNA F&NT,449.9,Mercado Libre,Frutas,,6
Barras de proteina Muscle Foods Muscle Sandwich ,835.43,Mercado Libre,,,12
Barras de proteina Lenny & Larrys The Complete Cookie ,745.07,Mercado Libre,,,12
Barra de proteina Quest Nutrition Fitness Town ,829,Mercado Libre,Mora Azul,Mufin de Mora Azul,12
Hydrotein Whey Protein Chocolate de barra ,320,Mercado Libre,,,5
BARRINOLAS PROTEiNA BARRINOLAS ,289,Mercado Libre,Sabor Coco Cacao Cacahuate 10g de Proteina por Barra Sin Azucar Aniadida,Sabor Coco Cacao Cacahuate 10g de Proteina por Barra Sin Azucar Aniadida,15
Paquete de chocolate Ormromra barras energeticas ,189,Mercado Libre,Sabor Chocolate,,4
Barras de proteina Power Crunch Whey bocadillos ricos en proteina,812,Mercado Libre,,,
Barras De Amaranto Del Cuore C/ Miel De Abeja ,48,Mercado Libre,Amaranto,Barras de amaranto con miel de abeja 250 gramos.,
Barras De Proteina Nuwa Keto Vegan,299,Mercado Libre, Sin Gluten Ni Azucar,Pack de 20 barras de proteina Nuwa,20
Barras De Proteina Green Mountain,160,Mercado Libre, Crema De Cacahuate ,Paquete de 20 piezas de barras de proteina de crema de cacahuate.,20
Barritas De Proteina Flora01 Desayuno ,138,Mercado Libre,Chocoavellana,Barritas de proteina sabor chocoavellana,4
Barritas De Proteina Flora01 Desayuno,138,Mercado Libre,Fresa,Barritas de proteina sabor fresa,4
Green Mountain Protein Bar ,294.99,Mercado Libre,,Caja de 35 barras de proteina,35
Barra De Proteina Wild Foods,391.5,Mercado Libre,Sabor Caramelo,Pack de 16 barras de proteina sabor caramelo.,6
Barra De Proteina Wild Foods ,120,Mercado Libre,Sabor Chocolate,Pack de 5 barras de proteina sabor chocolate cacahuate.,3
Barra De Proteina Kirkland Soft & Chewy De 24 Gr Individual,680,Mercado Libre,,Barra de proteina Kirkland,20
Barra De Proteina Wild Foods Sabor Chocolate 16 unidades,455,HEB,Chocolate,Pack de 16 barras de proteina sabor chocolate.,16
Barras De Proteina 24 Piezas 30g c/u Sweet And Salty Nature Valley,268.99,HEB,,Paquete de 24 piezas de barras de proteina de 30 gramos cada una,24
Nature Valley Barras De Proteina ,253.99,HEB,,Pack de 18 barras de proteina,18
Barra De Proteina Wild Foods,120,HEB,Sabor Chocolate,Pack de 5 unidades de barra de proteina sabor chocolate.,5
Power Crunch Barra Proteina Peanut Butter Fudge ,649,HEB,Peanut Butter,Pack de 10 barras de proteina sabor mantequilla de cacahuete fudge (2 cajas de 5 piezas).,10
Barra De Proteina Vegana Wild Foods ,479,HEB,Chocolate, Coco,16
Barra De Proteina Vegana Wild Foods ,479,HEB,Chocolate amargo,Pack de 16 barras de proteina vegana sabor chocolate amargo.,16
Barra Proteica Quest Nutrition Barras De Proteina Sin Tacc 60 g De 14 u,769,HEB,,Pack de 14 barras proteicas Quest Nutrition,14
Fitcrunch Barras De Proteina,578,HEB,,Pack de barras de proteina Fitcrunch.,
Barrinolas Proteina ,249,HEB,10g de Proteina,Pack de 15 barras de proteina y sin azucar,15
Suplemento Barra Nutritiva Protein ProWinner ,295,HEB,Chocolate,Barra nutritiva de proteina de sabor chocolate,6
Barra DE proteina Quest Nutrition ,829,HEB,Mora Azul,Barra de proteina sabor postre de mora azul,12
BARRINOLAS PROTEiNA,289,HEB,Brownie, 10g Proteina,15
Barras de Proteina Einztein Nutrition,839,HEB,,Barra de proteina de Einztein Nutrition,18
Barras Think High Protein Pinguino,629,HEB,,Pack de 10 barras de proteina Think High Protein,10
BARRINOLAS PROTEiNA,289,HEB,Cookies and Cream, 10g Proteina,15
Barras de proteinas Rainbow High,739,HEB,,Paquete variado de 10 sabores de barras de proteinas Rainbow High.,10
Barra DE mezcla DE frutas con PROTEiNA F&NT ,449.9,HEB,Frutas,Barra de mezcla de frutas con proteina,6
Barras de proteina Muscle Foods Muscle Sandwich,835.43,HEB,,Pack de 12 barras de proteina Muscle Foods,12
Barras de proteina Lenny & Larrys The Complete Cookie,745.07,HEB,,Pack de 12 galletas de proteina Lenny & Larrys,12
Barra de proteina Quest Nutrition Fitness Town Mufin,829,HEB,Mora Azul,Barra de proteina de Quest Nutrition,20
Barras de proteina Power Crunch rica en proteinas,812,HEB,,Barra de proteina Power Crunch,16
BARRINOLAS PROTEiNA BARRINOLAS ,289,HEB,Cacao, cacahuate,15
Barra de proteina Power Crunch Whey bocadillos ricos en proteina,812,HEB,,Barra de proteina Power Crunch,12
Suplemento Barra Nutritiva Protein ProWinner,295,Walmart,Chocolate,Barra nutritiva de proteina de sabor chocolate,6
Barra DE proteina Quest Nutrition sabor Postre DE Mora Azul,829,Walmart,Mora Azul,Barra de proteina sabor postre de mora azul,12
BARRINOLAS PROTEiNA,289,Walmart,Brownie, 10g Proteina,15
Barras de Proteina Einztein Nutrition,839,Walmart,,Barra de proteina de Einztein Nutrition,18
Barras Think High Protein Pinguino,629,Walmart,,Pack de 10 barras de proteina Think High Protein,10
BARRINOLAS PROTEiNA,289,Walmart,Cookies and Cream, 10g Proteina,15
Barras de proteinas Rainbow High ,437,Walmart,,Paquete variado de 10 sabores de barras de proteinas Rainbow High.,12
Barra DE mezcla DE frutas con PROTEiNA F&NT,449.9,Walmart,Frutas,Barra de mezcla de frutas con proteina,6
Barras de proteina Muscle Foods Muscle Sandwich ,835.43,Walmart,,Pack de 12 barras de proteina Muscle Foods,12
Barras de proteina Lenny & Larrys The Complete Cookie,745.07,Walmart,,Pack de 12 galletas de proteina Lenny & Larrys,12
Barra de proteina Quest Nutrition Fitness Town Mufin,829,Walmart,Mora Azul,Barra de proteina de Quest Nutrition,20
Barras de proteina Power Crunch rica en proteinas,812,Walmart,,Barra de proteina Power Crunch,18
BARRINOLAS PROTEiNA BARRINOLAS ,289, Walmart,Coco, Cacao,15
Barra de proteina Power Crunch Whey bocadillos ricos en proteina,812,Walmart,,Barra de proteina Power Crunch,16
